zd_user_id,first_name,last_name,email
3412422,Bry,Williamson,bryan.williamson@hotmail.com
9068702,Juan,Massey,contact_juan@hotmail.com
3688598,Kri,Mahoney,kristy.mahoney@hotmail.com
5067855,Daw,Owen,dawn.owen@yahoo.com
7563888,Melissa,Martinez,melissa.martinez@yahoo.com
3675009,Ana,Lang,contact_ana@yahoo.com
8029809,Jam,Moran,james.moran@yahoo.com
7559885,Samantha,Rice,samantha.rice@yahoo.com
4244232,Gina,Sparks,gina.sparks@yahoo.com
5170367,Dav,Newman,contact_dav@hotmail.com
6878859,Katherine,Valentine,contact_katherine@gmail.com
2183324,Cameron,Williams,cameron.williams@gmail.com
4796768,Nic,White,contact_nic@gmail.com
5634166,Mat,Smith,matthew.smith@hotmail.com
3356197,Ste,Collins,contact_ste@hotmail.com
7735054,Bradley,Davis,contact_bradley@gmail.com
3071506,Daryl,Avila,daryl.avila@yahoo.com
3547556,Car,Shepard,carlos.shepard@hotmail.com
4453272,Aar,Mercer,aaron.mercer@hotmail.com
8438704,Joshua,King,joshua.king@gmail.com
3389217,Mat,Davis,matthew.davis@hotmail.com
5621624,Danielle,Tran,contact_danielle@gmail.com
6494025,Ste,Morrow,steve.morrow@hotmail.com
1180674,Michael,Wilson,michael.wilson@hotmail.com
2967833,Bar,Collins,contact_bar@gmail.com
9734558,Christopher,Young,christopher.young@hotmail.com
6220408,Jes,Tanner,jessica.tanner@hotmail.com
9795303,Heather,Greene,heather.greene@hotmail.com
2721547,Ben,Madden,benjamin.madden@gmail.com
8903903,Robert,French,robert.french@yahoo.com
4895353,Pat,Price,contact_pat@yahoo.com
8352983,Kei,Delacruz,keith.delacruz@yahoo.com
6013404,Leah,Jimenez,leah.jimenez@yahoo.com
3094878,Ali,Hudson,alicia.hudson@yahoo.com
8623020,Erica,Rubio,erica.rubio@yahoo.com
3578265,Jessica,Lewis,jessica.lewis@gmail.com
2181161,Madison,Thomas,contact_madison@yahoo.com
6727358,Deborah,Davis,deborah.davis@gmail.com
5565127,Haley,Sanders,haley.sanders@yahoo.com
1687389,Nicholas,Riggs,contact_nicholas@gmail.com
7400536,Holly,Bradshaw,contact_holly@gmail.com
5285779,Kyle,Miller,kyle.miller@hotmail.com
2893100,Reb,Pierce,contact_reb@gmail.com
8827002,Kat,Caldwell,katherine.caldwell@yahoo.com
8145593,Ste,Kelly,stephanie.kelly@yahoo.com
3826222,Jas,Lynch,jasmin.lynch@gmail.com
9175606,Veronica,Allen,veronica.allen@yahoo.com
5883963,Karen,Jensen,karen.jensen@yahoo.com
4768723,Lisa,Morse,lisa.morse@hotmail.com
9771788,Rya,Jennings,ryan.jennings@gmail.com
2728894,Eric,Rose,eric.rose@yahoo.com
2486007,James,Young,james.young@hotmail.com
7082569,Linda,King,linda.king@yahoo.com
5048217,Kelly,Black,kelly.black@hotmail.com
9296866,Jacqueline,Nelson,jacqueline.nelson@yahoo.com
8255765,Dev,Klein,devin.klein@gmail.com
8074517,Rob,Maldonado,robert.maldonado@gmail.com
1950471,Anita,Cruz,contact_anita@yahoo.com
2764796,Sar,Bryant,contact_sar@yahoo.com
5701035,Ale,Berry,alexandra.berry@hotmail.com
5628257,Ver,Bryant,veronica.bryant@hotmail.com
5222335,Renee,Davis,renee.davis@hotmail.com
9519865,Ron,Cain,ronald.cain@hotmail.com
6516846,Calvin,Gomez,calvin.gomez@gmail.com
8040480,Alexander,Fuentes,contact_alexander@yahoo.com
5215259,Christopher,Williams,christopher.williams@yahoo.com
6983783,Lindsey,Elliott,lindsey.elliott@gmail.com
2394075,Gin,Brown,gina.brown@gmail.com
1216864,Ang,Williams,angela.williams@yahoo.com
2696696,Jon,Quinn,jon.quinn@hotmail.com
9146156,Tim,Rivera,timothy.rivera@hotmail.com
5072572,Jason,Mathis,contact_jason@gmail.com
9304320,Tami,Williams,tami.williams@hotmail.com
4714276,Cindy,Clark,contact_cindy@yahoo.com
8277403,Kayla,Walsh,kayla.walsh@yahoo.com
5458615,Wil,Obrien,william.obrien@yahoo.com
2744250,Donna,Dominguez,contact_donna@hotmail.com
9184965,Karen,Burgess,contact_karen@gmail.com
7305252,Melissa,Wilson,melissa.wilson@gmail.com
9706817,Joh,Collier,johnny.collier@hotmail.com
7418748,Jen,Roberts,jennifer.roberts@yahoo.com
1706341,Haley,Fox,haley.fox@hotmail.com
2808544,Cod,Santiago,contact_cod@yahoo.com
2653843,John,Bowen,john.bowen@gmail.com
2592385,Seth,Burton,seth.burton@hotmail.com
2970875,John,Smith,contact_john@hotmail.com
5003283,Cynthia,Fox,contact_cynthia@yahoo.com
7051555,Nat,Parker,nathan.parker@gmail.com
8077121,Carl,Perez,carl.perez@gmail.com
7605946,Laura,Richardson,laura.richardson@hotmail.com
1668822,Cyn,Smith,contact_cyn@yahoo.com
6826801,Wan,Patterson,wanda.patterson@hotmail.com
8386086,Jer,Mccann,jerry.mccann@hotmail.com
8729984,All,Cohen,allison.cohen@yahoo.com
9770547,Eli,Rojas,elizabeth.rojas@gmail.com
1625391,Jacqueline,Horton,jacqueline.horton@yahoo.com
7688954,Chr,Bryant,christina.bryant@gmail.com
8244357,Christine,Jennings,contact_christine@hotmail.com
1430177,Joh,Blair,john.blair@yahoo.com
4624541,Sam,Schmidt,samantha.schmidt@gmail.com
4032275,Dav,Harris,david.harris@hotmail.com
1405076,Paul,Reed,contact_paul@gmail.com
6519070,Cynthia,Hansen,cynthia.hansen@hotmail.com
2657659,Vic,Hill,victoria.hill@yahoo.com
5903591,Jas,Thompson,contact_jas@gmail.com
7914627,Barbara,Welch,barbara.welch@hotmail.com
1476046,Reb,Williamson,rebekah.williamson@yahoo.com
8660865,Nathaniel,Gonzales,contact_nathaniel@gmail.com
5253262,Marcus,Escobar,marcus.escobar@gmail.com
7016123,Mic,Manning,michaela.manning@yahoo.com
6772196,Mat,Payne,matthew.payne@hotmail.com
6911929,Mat,Walker,matthew.walker@yahoo.com
5172511,Nic,Murphy,contact_nic@yahoo.com
5641122,And,Williams,contact_and@yahoo.com
8482755,Mic,Reid,michael.reid@hotmail.com
1801936,Angela,Oneal,angela.oneal@yahoo.com
6444414,Bra,Fernandez,contact_bra@hotmail.com
8687397,Bra,Johnson,contact_bra@yahoo.com
5415321,Justin,Hayes,justin.hayes@yahoo.com
3694288,Erica,Goodman,erica.goodman@hotmail.com
4512830,Elizabeth,Copeland,elizabeth.copeland@yahoo.com
6400269,Alejandra,Richardson,contact_alejandra@hotmail.com
7733046,Barbara,Dixon,barbara.dixon@gmail.com
6847516,Kathryn,Wilkinson,kathryn.wilkinson@yahoo.com
3886654,Rob,Fisher,robin.fisher@yahoo.com
9385863,Mary,Taylor,mary.taylor@gmail.com
2490982,Kathleen,Ware,kathleen.ware@gmail.com
6599618,David,Anderson,david.anderson@gmail.com
6902303,Christopher,Brown,christopher.brown@yahoo.com
4818006,Lawrence,Miller,contact_lawrence@yahoo.com
6310561,Ale,Torres,alexander.torres@yahoo.com
6131062,Can,Moore,contact_can@gmail.com
2699501,Han,Ball,hannah.ball@gmail.com
2517205,Amanda,Ray,contact_amanda@gmail.com
7812644,Kathryn,Burnett,contact_kathryn@gmail.com
6249999,Taylor,Lopez,taylor.lopez@yahoo.com
9341509,Nancy,Horton,nancy.horton@gmail.com
4123785,Rob,Preston,robert.preston@hotmail.com
7420579,Brittany,Kim,brittany.kim@hotmail.com
4391499,Julie,Simon,contact_julie@hotmail.com
5440600,Mig,Ellis,contact_mig@gmail.com
9144342,Chr,Hansen,christopher.hansen@yahoo.com
6881989,Cole,Hood,contact_cole@yahoo.com
6653942,Juan,Simmons,juan.simmons@hotmail.com
8344546,Richard,Espinoza,richard.espinoza@hotmail.com
7064346,Mary,Hernandez,mary.hernandez@yahoo.com
3671224,Jil,Rodriguez,jill.rodriguez@gmail.com
3827685,Kir,Jones,kirk.jones@yahoo.com
6415010,Jul,Sullivan,julia.sullivan@yahoo.com
1267216,Sar,Thornton,contact_sar@yahoo.com
2870334,Monique,Singleton,monique.singleton@gmail.com
4184143,Edw,Reyes,edward.reyes@gmail.com
6209788,Jef,Joseph,jeffrey.joseph@gmail.com
9491272,Les,Monroe,leslie.monroe@gmail.com
5969473,Elizabeth,Stevens,contact_elizabeth@yahoo.com
3984802,Cha,Ryan,contact_cha@yahoo.com
7676849,Alexandra,Shepherd,alexandra.shepherd@yahoo.com
2273983,Melissa,Roberts,melissa.roberts@hotmail.com
4332284,Lor,Jennings,lori.jennings@yahoo.com
2566382,Patricia,Church,patricia.church@gmail.com
2519046,Tre,Sanchez,trevor.sanchez@yahoo.com
7788683,Van,Brewer,vanessa.brewer@yahoo.com
5418616,Jar,Sanchez,contact_jar@gmail.com
3445538,Laura,Miller,contact_laura@hotmail.com
6707004,Mic,Harris,michael.harris@hotmail.com
9939366,Elaine,Harvey,elaine.harvey@yahoo.com
6935773,Mel,Tucker,melissa.tucker@gmail.com
7656473,Kar,Acosta,contact_kar@yahoo.com
3231911,Dawn,Smith,dawn.smith@hotmail.com
7463257,Larry,Diaz,contact_larry@yahoo.com
2738556,Kim,Sosa,contact_kim@gmail.com
5931029,Bry,Tucker,contact_bry@hotmail.com
2379281,Dea,Poole,contact_dea@hotmail.com
6433071,Mitchell,Smith,mitchell.smith@yahoo.com
4771935,Jacob,Graham,contact_jacob@gmail.com
8424522,Amb,Allen,contact_amb@yahoo.com
1684054,Jen,Medina,contact_jen@gmail.com
5125577,Ashley,Ford,ashley.ford@gmail.com
3600666,Amb,Mason,amber.mason@hotmail.com
5593405,Bri,Wolf,brian.wolf@hotmail.com
1442233,Leslie,Massey,leslie.massey@hotmail.com
9296214,Lau,Davis,laurie.davis@yahoo.com
4765958,Christopher,Bright,christopher.bright@yahoo.com
4673793,Darrell,Sanchez,darrell.sanchez@hotmail.com
5116319,Ama,Roberts,amanda.roberts@gmail.com
4788843,Christopher,Park,christopher.park@hotmail.com
8387946,Christina,Moreno,christina.moreno@hotmail.com
4623343,Thomas,Smith,thomas.smith@yahoo.com
3439016,Cathy,Wilkinson,cathy.wilkinson@hotmail.com
1208345,Nat,Davidson,nathaniel.davidson@yahoo.com
5979362,Ant,Franklin,contact_ant@gmail.com
5088275,David,Davidson,david.davidson@yahoo.com
1348529,Mar,Knight,mark.knight@hotmail.com
9107980,Meg,Logan,contact_meg@hotmail.com
8364357,Jam,Mcmillan,james.mcmillan@yahoo.com
7954589,Robert,Thornton,contact_robert@hotmail.com
4225237,Samantha,Anderson,samantha.anderson@hotmail.com
7917641,Kim,Beck,kim.beck@yahoo.com
4121535,Ter,Ortiz,contact_ter@hotmail.com
9700184,Kyl,Hale,contact_kyl@yahoo.com
7704457,Lauren,Evans,lauren.evans@hotmail.com
7494523,Tanya,Wood,tanya.wood@yahoo.com
5387112,Robert,Roberts,robert.roberts@hotmail.com
7106385,Melissa,Curtis,contact_melissa@gmail.com
5421758,Sarah,Rodriguez,sarah.rodriguez@hotmail.com
8236259,Joshua,Whitney,contact_joshua@hotmail.com
7211403,Kat,Franklin,kathleen.franklin@hotmail.com
7115538,Rob,Miller,robin.miller@gmail.com
4937710,Brittany,Conley,brittany.conley@gmail.com
6371304,Kri,Taylor,kristin.taylor@yahoo.com
6990710,Glenn,Duffy,glenn.duffy@hotmail.com
2292524,Andrew,Martinez,andrew.martinez@hotmail.com
3256414,Hay,Anderson,contact_hay@hotmail.com
6396602,Victor,Hall,contact_victor@hotmail.com
5142216,Scott,Barnes,contact_scott@yahoo.com
3160312,Anthony,Fleming,contact_anthony@gmail.com
2621038,Jam,Campbell,contact_jam@hotmail.com
9513662,Briana,Willis,contact_briana@gmail.com
8981554,Robert,Potter,robert.potter@hotmail.com
9981848,Monica,Long,monica.long@gmail.com
6259401,Jef,Morgan,contact_jef@yahoo.com
2758380,Phyllis,Choi,contact_phyllis@gmail.com
4822259,Jane,Ford,jane.ford@hotmail.com
6844222,Amanda,Bray,contact_amanda@gmail.com
4757489,Dennis,Wilcox,dennis.wilcox@gmail.com
8806211,Alexander,Davis,contact_alexander@hotmail.com
5515309,Kathleen,Dickson,kathleen.dickson@yahoo.com
1892572,Rob,Dominguez,robin.dominguez@yahoo.com
8721526,Tami,Welch,tami.welch@yahoo.com
8346255,Ste,Smith,contact_ste@hotmail.com
9340506,Jennifer,Anderson,contact_jennifer@hotmail.com
8317957,Tra,Salas,travis.salas@hotmail.com
2084777,Jas,Howell,jasmine.howell@gmail.com
3874628,Randy,White,contact_randy@gmail.com
1371031,Vanessa,Rowland,vanessa.rowland@yahoo.com
8524049,Theresa,Flores,contact_theresa@yahoo.com
1965457,Debra,Clark,contact_debra@gmail.com
6831812,Danny,Romero,contact_danny@yahoo.com
8996464,Eri,Clay,eric.clay@yahoo.com
3481016,Kim,Walker,kimberly.walker@yahoo.com
2069997,Nat,Doyle,nathan.doyle@gmail.com
6946051,Stanley,Clark,stanley.clark@gmail.com
2097443,Kimberly,Marshall,contact_kimberly@yahoo.com
5632027,Jennifer,Rowe,jennifer.rowe@yahoo.com
5228060,Jeffrey,Stewart,jeffrey.stewart@hotmail.com
1462664,Sarah,Rhodes,sarah.rhodes@hotmail.com
9234422,Dav,Moore,david.moore@gmail.com
8228128,Connor,Peterson,connor.peterson@yahoo.com
3237355,Dav,Delgado,david.delgado@yahoo.com
7647905,William,Ramirez,william.ramirez@yahoo.com
4610526,Theodore,Roberts,theodore.roberts@hotmail.com
8585176,Nicole,Cox,nicole.cox@hotmail.com
6198005,Karen,Jimenez,contact_karen@gmail.com
6111364,Lisa,Clay,lisa.clay@yahoo.com
6545427,Sco,Cabrera,scott.cabrera@yahoo.com
4901782,Jos,White,joseph.white@gmail.com
9522069,Ralph,Martinez,contact_ralph@hotmail.com
7830709,Christopher,King,christopher.king@hotmail.com
3419829,Mar,Carroll,marcus.carroll@hotmail.com
6275739,Katherine,Juarez,katherine.juarez@hotmail.com
1113671,Vic,Coleman,victoria.coleman@yahoo.com
1888704,Anthony,Little,contact_anthony@yahoo.com
7012107,Rho,Sanchez,rhonda.sanchez@hotmail.com
3007953,Han,Davis,hannah.davis@gmail.com
2191407,Teresa,Campbell,teresa.campbell@yahoo.com
2067513,Phi,Ibarra,contact_phi@gmail.com
9888098,Cheyenne,Patel,cheyenne.patel@hotmail.com
7940926,Vic,Townsend,victoria.townsend@hotmail.com
3704608,Keith,Herring,keith.herring@gmail.com
4265164,Jeremy,Garcia,contact_jeremy@yahoo.com
5174163,Annette,Johnson,contact_annette@hotmail.com
4008839,Joshua,Bowers,contact_joshua@hotmail.com
4040670,Kat,Barnett,katherine.barnett@hotmail.com
1494719,Jennifer,Garcia,jennifer.garcia@gmail.com
9304303,Michael,Perry,michael.perry@yahoo.com
3004878,Jeremy,Gilbert,contact_jeremy@gmail.com
6566514,Mary,Green,contact_mary@yahoo.com
2494946,Sco,Williams,scott.williams@yahoo.com
2579766,Jes,Williams,contact_jes@yahoo.com
7770534,Mat,Ponce,matthew.ponce@hotmail.com
7500351,Dav,Sawyer,david.sawyer@gmail.com
7837960,Charles,Nielsen,contact_charles@hotmail.com
7396996,Mary,Hill,mary.hill@yahoo.com
8959238,Joseph,Vega,joseph.vega@yahoo.com
3323803,Mel,Garner,contact_mel@hotmail.com
6759540,And,Ramirez,andrea.ramirez@hotmail.com
4070056,Log,Tran,logan.tran@gmail.com
2608319,Stephanie,Bauer,stephanie.bauer@hotmail.com
6220992,Stephen,Haynes,contact_stephen@yahoo.com
6958544,James,Cameron,james.cameron@hotmail.com
3976461,Sus,Austin,susan.austin@hotmail.com
8220257,Timothy,Estes,timothy.estes@hotmail.com
5228095,Andrew,Owens,contact_andrew@hotmail.com
9383269,Mic,Moss,michael.moss@yahoo.com
2522272,Jessica,Dennis,contact_jessica@yahoo.com
4096510,John,Gallagher,john.gallagher@gmail.com
5370558,Elizabeth,Glenn,elizabeth.glenn@hotmail.com
7734840,Dan,Harris,contact_dan@yahoo.com
4365631,Eric,Jones,contact_eric@gmail.com
4802391,Tristan,Cruz,tristan.cruz@yahoo.com
6892169,Rob,Mitchell,robert.mitchell@yahoo.com
2368490,Roberto,Martinez,contact_roberto@hotmail.com
6699558,Terry,Foster,terry.foster@hotmail.com
8578729,Brittany,Adams,brittany.adams@yahoo.com
2577526,Nic,Morgan,nicole.morgan@gmail.com
9789034,Gar,Reynolds,gary.reynolds@yahoo.com
5324626,Jeffrey,Love,jeffrey.love@yahoo.com
1342267,Cra,Cochran,craig.cochran@hotmail.com
2021747,Jam,Hill,james.hill@yahoo.com
1992308,Tim,Thompson,contact_tim@hotmail.com
7260367,Sam,Crawford,contact_sam@hotmail.com
2602061,Leslie,Ortiz,contact_leslie@gmail.com
3827180,Jos,Delgado,joseph.delgado@hotmail.com
1029006,Vir,Wright,contact_vir@yahoo.com
9877176,Nathan,Beard,nathan.beard@hotmail.com
1211031,Rebecca,Carson,rebecca.carson@gmail.com
1078199,Ashley,Reid,contact_ashley@yahoo.com
6483795,Joshua,King,joshua.king@yahoo.com
7455092,Richard,Collins,richard.collins@hotmail.com
6138255,Matthew,Beard,contact_matthew@hotmail.com
1463949,Meredith,Fitzgerald,contact_meredith@hotmail.com
7288704,Kri,Johnson,contact_kri@gmail.com
2164158,Tim,Carlson,contact_tim@hotmail.com
3892273,Peter,Martin,contact_peter@gmail.com
4162204,Lau,Mcdonald,laura.mcdonald@yahoo.com
9358431,Angela,Crawford,angela.crawford@gmail.com
4049874,Jennifer,Cook,jennifer.cook@gmail.com
9979400,Jen,Huber,jennifer.huber@hotmail.com
4663705,Ann,Mitchell,ann.mitchell@hotmail.com
6792299,Mic,Stevens,michele.stevens@gmail.com
2626815,Richard,Nolan,richard.nolan@hotmail.com
3594951,Jes,Pham,jessica.pham@hotmail.com
7277502,Amber,Baker,amber.baker@hotmail.com
3968364,Christopher,Villa,christopher.villa@hotmail.com
8393678,Vic,Vargas,vickie.vargas@gmail.com
3977821,Kat,Anderson,katherine.anderson@hotmail.com
9511563,Billy,Rowland,billy.rowland@gmail.com
3497284,Deanna,Ramirez,deanna.ramirez@hotmail.com
8467647,Deanna,Page,deanna.page@yahoo.com
1509048,Andrew,Sanchez,andrew.sanchez@yahoo.com
1650524,Nic,Thomas,contact_nic@gmail.com
3018015,Jennifer,Guzman,jennifer.guzman@gmail.com
6228876,Keith,Smith,contact_keith@hotmail.com
5889399,She,Dunn,sherri.dunn@yahoo.com
2808163,Miranda,Reeves,miranda.reeves@hotmail.com
6856154,Karen,Clark,karen.clark@gmail.com
4026890,Pamela,Harmon,pamela.harmon@yahoo.com
9698799,Melissa,Nichols,melissa.nichols@gmail.com
3808259,Joshua,Gibson,joshua.gibson@gmail.com
2673050,Susan,Guerrero,susan.guerrero@yahoo.com
9349199,Tina,Wiggins,tina.wiggins@gmail.com
4240681,James,Snyder,contact_james@yahoo.com
3604706,Wil,Mccullough,william.mccullough@gmail.com
6660577,Hannah,Young,hannah.young@gmail.com
8628047,William,Clay,william.clay@gmail.com
7523750,Lucas,Smith,lucas.smith@yahoo.com
8515111,Joseph,Morgan,contact_joseph@yahoo.com
2952559,Tri,Kerr,tricia.kerr@hotmail.com
2098296,Ryan,Soto,ryan.soto@gmail.com
6676469,James,Gonzalez,contact_james@hotmail.com
5130922,Nat,Brown,nathaniel.brown@gmail.com
7135319,Ale,Hopkins,contact_ale@yahoo.com
3371985,Amanda,Mcdonald,contact_amanda@hotmail.com
5017327,Mark,Johnston,mark.johnston@gmail.com
9233723,Rob,Lopez,robert.lopez@gmail.com
4159823,Michael,Smith,michael.smith@yahoo.com
7782771,Reb,Obrien,rebecca.obrien@hotmail.com
1697770,Jeffrey,Kelly,jeffrey.kelly@hotmail.com
7011635,Joan,Davis,joan.davis@hotmail.com
1983550,Gregory,Jones,gregory.jones@hotmail.com
9060167,Jac,Baker,jacqueline.baker@yahoo.com
2657259,Jim,Bishop,jim.bishop@hotmail.com
9721531,Bri,Mclean,brittany.mclean@gmail.com
2525946,Rac,Johnson,contact_rac@gmail.com
6377987,Ama,Adams,amanda.adams@gmail.com
9847254,Virginia,Boyd,virginia.boyd@hotmail.com
9924232,Joel,Lee,contact_joel@gmail.com
9752217,Micheal,Miller,contact_micheal@hotmail.com
7613325,Paul,Alvarado,paul.alvarado@hotmail.com
4371081,Hea,Perry,contact_hea@gmail.com
5740596,Lisa,Williams,contact_lisa@hotmail.com
6374017,Richard,Rodriguez,richard.rodriguez@gmail.com
3272904,John,Park,john.park@hotmail.com
8514591,Ell,Navarro,contact_ell@hotmail.com
4322585,Ver,Love,veronica.love@yahoo.com
5915038,Ran,Turner,randall.turner@hotmail.com
8152449,Christian,Gomez,contact_christian@hotmail.com
7781989,Rhonda,Trujillo,rhonda.trujillo@hotmail.com
8300418,Diane,Dawson,contact_diane@yahoo.com
7326133,Ste,Cruz,steven.cruz@gmail.com
2382256,Catherine,Hughes,catherine.hughes@gmail.com
9228643,Danielle,Blair,contact_danielle@gmail.com
1399870,Erin,Powell,contact_erin@yahoo.com
9241629,Andrea,Wilson,andrea.wilson@gmail.com
2750174,Amy,Berry,contact_amy@gmail.com
6394118,Heidi,Patterson,contact_heidi@yahoo.com
9121925,Den,Robinson,dennis.robinson@gmail.com
7523126,Cod,Davis,cody.davis@gmail.com
6132109,Nic,White,nicole.white@hotmail.com
9348587,David,Lucas,david.lucas@hotmail.com
5818314,Melissa,Meadows,melissa.meadows@hotmail.com
1924685,Abigail,Moody,abigail.moody@hotmail.com
9850822,Jen,Martinez,jennifer.martinez@yahoo.com
1698478,Betty,Garza,betty.garza@yahoo.com
4155440,Jes,Joseph,jessica.joseph@gmail.com
2496317,Grace,Williams,grace.williams@gmail.com
6152615,Bil,Jones,billy.jones@hotmail.com
3908477,Alyssa,Thomas,contact_alyssa@yahoo.com
6262234,Madison,Garcia,madison.garcia@gmail.com
1804568,Cin,Castro,contact_cin@hotmail.com
9963934,Cassandra,Miller,cassandra.miller@hotmail.com
1469143,Jacob,Wheeler,contact_jacob@yahoo.com
1792011,Angela,Lang,contact_angela@hotmail.com
6082589,Kelly,Dyer,kelly.dyer@gmail.com
7457573,Nathaniel,Lee,nathaniel.lee@gmail.com
4158126,Aim,Santos,aimee.santos@hotmail.com
6901647,Jam,Clayton,contact_jam@hotmail.com
1879717,Jose,Walton,contact_jose@yahoo.com
8278024,Ste,Hopkins,steve.hopkins@gmail.com
9529114,David,Osborn,david.osborn@hotmail.com
9791000,Andrew,Moore,andrew.moore@hotmail.com
3991211,Mary,Murray,mary.murray@yahoo.com
9535334,Dea,Tate,deanna.tate@hotmail.com
7221393,Julia,Reed,julia.reed@gmail.com
1750288,Chr,Allen,contact_chr@hotmail.com
4598598,Frances,Zuniga,frances.zuniga@hotmail.com
2655084,Katherine,Knapp,katherine.knapp@yahoo.com
8671109,Virginia,Simmons,contact_virginia@hotmail.com
4115619,Jesse,Hamilton,jesse.hamilton@hotmail.com
4717279,Man,Mcclain,manuel.mcclain@yahoo.com
6373918,Lin,Cooper,linda.cooper@hotmail.com
2224124,Ian,Hood,ian.hood@yahoo.com
4415979,Sean,Young,contact_sean@hotmail.com
9309339,Mic,Davis,michael.davis@yahoo.com
4468470,Ric,House,richard.house@hotmail.com
1261602,Andrew,Hamilton,contact_andrew@yahoo.com
1758898,Richard,Levy,contact_richard@gmail.com
7400318,Sco,Garcia,contact_sco@yahoo.com
4456607,Rac,Fox,rachel.fox@gmail.com
2951710,Cyn,Garcia,cynthia.garcia@hotmail.com
5872802,Felicia,Jensen,felicia.jensen@yahoo.com
1079503,Tina,Lopez,tina.lopez@gmail.com
5033031,Ama,Jones,contact_ama@hotmail.com
6549075,Don,Berry,donald.berry@hotmail.com
3970536,Adam,Scott,contact_adam@gmail.com
7541701,Chr,Espinoza,chris.espinoza@gmail.com
4831443,Jan,Perry,contact_jan@gmail.com
7237496,Susan,Harrison,susan.harrison@hotmail.com
7743748,Andrew,Allen,andrew.allen@yahoo.com
1750894,Shawn,Coleman,shawn.coleman@yahoo.com
3616054,Charles,Robinson,charles.robinson@gmail.com
3376818,Ada,Clark,adam.clark@gmail.com
5130100,Ste,Esparza,stephen.esparza@yahoo.com
5331630,Bridget,Howard,contact_bridget@yahoo.com
8094088,Matthew,Fox,matthew.fox@yahoo.com
6196562,Luis,Garcia,contact_luis@hotmail.com
4437253,Ric,Cole,contact_ric@gmail.com
5573719,Cindy,Collier,cindy.collier@gmail.com
7865293,Kri,Johnson,kristy.johnson@gmail.com
1171587,Troy,Gilbert,troy.gilbert@gmail.com
7977432,Stephanie,Rogers,contact_stephanie@hotmail.com
7939725,Stacy,Peterson,stacy.peterson@hotmail.com
7327221,Caitlin,Hogan,contact_caitlin@gmail.com
5665520,Cat,Diaz,catherine.diaz@gmail.com
4179223,Derek,York,derek.york@yahoo.com
9190913,Karen,Nelson,contact_karen@hotmail.com
5251774,Bra,Castillo,brandon.castillo@hotmail.com
1174981,Jes,Brown,jessica.brown@gmail.com
7634860,Catherine,Lambert,catherine.lambert@gmail.com
1701276,Heidi,Duarte,contact_heidi@yahoo.com
8535120,Alexandra,Thompson,contact_alexandra@gmail.com
3162385,Colin,Wilson,colin.wilson@yahoo.com
4740892,Der,Thompson,derrick.thompson@yahoo.com
2183202,Jef,Rowe,contact_jef@gmail.com
2918984,Joseph,Rodriguez,contact_joseph@gmail.com
2934050,Carolyn,Bush,carolyn.bush@gmail.com
3666299,Monica,Morris,monica.morris@hotmail.com
9196287,Brenda,King,contact_brenda@yahoo.com
2115690,Bri,Martinez,brittany.martinez@gmail.com
4076246,Mar,Martinez,mary.martinez@gmail.com
6492500,Ronald,Hughes,ronald.hughes@yahoo.com
3807947,Ruth,Welch,ruth.welch@hotmail.com
5303341,Jos,Jackson,contact_jos@yahoo.com
7680763,Jer,Armstrong,contact_jer@gmail.com
5778264,Gregory,Cruz,contact_gregory@hotmail.com
9996951,Jennifer,Hawkins,contact_jennifer@gmail.com
5805648,Dav,Williams,david.williams@yahoo.com
5776554,Kirk,Ramirez,kirk.ramirez@hotmail.com
5387228,Shawn,Wells,contact_shawn@yahoo.com
2820194,Jes,Gonzalez,jesse.gonzalez@yahoo.com
3003211,Austin,Whitney,austin.whitney@hotmail.com
7625427,Jason,Orozco,jason.orozco@hotmail.com
4391113,Kim,Parker,contact_kim@gmail.com
2451280,Kry,Deleon,contact_kry@hotmail.com
9354503,Anthony,Wagner,anthony.wagner@hotmail.com
4368666,Melissa,Green,melissa.green@yahoo.com
3132636,Shari,Jones,shari.jones@yahoo.com
9694382,James,Franklin,james.franklin@gmail.com
1598865,Ste,Jackson,steven.jackson@hotmail.com
8867792,Cal,Haynes,caleb.haynes@yahoo.com
9033263,Rachel,Jimenez,rachel.jimenez@hotmail.com
2834486,Derek,Hancock,derek.hancock@yahoo.com
2869093,Destiny,Shah,destiny.shah@hotmail.com
4836027,Jar,Gilbert,jared.gilbert@hotmail.com
1638058,Cla,Poole,claudia.poole@yahoo.com
7510631,Alicia,Barrera,alicia.barrera@gmail.com
4095032,Amanda,Garcia,contact_amanda@gmail.com
2402709,Set,Ramos,contact_set@yahoo.com
2130790,Mic,Kim,contact_mic@yahoo.com
5055922,Victor,Ellis,victor.ellis@yahoo.com
8314004,Courtney,Jones,contact_courtney@yahoo.com
7222701,Ronald,Campbell,ronald.campbell@gmail.com
8350241,Reb,Smith,contact_reb@gmail.com
3395093,Michelle,Crawford,michelle.crawford@hotmail.com
8415929,Tina,Cantrell,contact_tina@yahoo.com
1688736,Regina,Irwin,regina.irwin@gmail.com
9449329,Joh,Hicks,john.hicks@gmail.com
4170380,Rebecca,Padilla,rebecca.padilla@gmail.com
4530452,Cheryl,Brown,cheryl.brown@yahoo.com
6333834,Kimberly,Edwards,contact_kimberly@gmail.com
1734135,Lis,Miller,lisa.miller@gmail.com
1238423,Tom,Watkins,contact_tom@yahoo.com
3562057,Anthony,Morris,anthony.morris@yahoo.com
6726860,Mic,Thompson,michael.thompson@gmail.com
5207762,Rob,Ellis,robert.ellis@yahoo.com
3944888,Jam,Harris,jamie.harris@gmail.com
6873992,Amy,Young,contact_amy@hotmail.com
8751668,Scott,Wilkinson,scott.wilkinson@gmail.com
4366336,Debra,Valencia,debra.valencia@hotmail.com
1946707,Shawn,Martin,shawn.martin@hotmail.com
7565123,Scott,Miller,scott.miller@yahoo.com
7375918,Wil,Butler,william.butler@hotmail.com
3568550,Apr,Young,april.young@gmail.com
5895685,Sarah,Horn,sarah.horn@gmail.com
9482469,Mic,Lawson,contact_mic@hotmail.com
2067859,Kyl,Mclaughlin,kyle.mclaughlin@gmail.com
4778826,Jessica,Drake,contact_jessica@gmail.com
4086389,Christina,Cohen,christina.cohen@gmail.com
4260468,Darren,Richardson,darren.richardson@gmail.com
6635276,Lauren,Costa,lauren.costa@yahoo.com
8363043,Cam,Neal,cameron.neal@hotmail.com
1424625,Joseph,Roberson,joseph.roberson@gmail.com
8390875,Sha,Brown,shannon.brown@gmail.com
2164051,Mar,Ballard,margaret.ballard@gmail.com
5123439,Michael,Gomez,michael.gomez@gmail.com
9867708,Cassandra,Goodman,cassandra.goodman@yahoo.com
5828592,April,Walker,contact_april@yahoo.com
3702775,Judy,Clark,contact_judy@hotmail.com
3405239,Jermaine,Curry,contact_jermaine@yahoo.com
6327664,John,Moore,john.moore@gmail.com
1951488,Oli,Dunn,olivia.dunn@gmail.com
2868408,Chris,Fernandez,chris.fernandez@gmail.com
2092722,Tra,Johnson,tracy.johnson@gmail.com
7877386,Ash,Burch,contact_ash@gmail.com
9691391,Aut,Bennett,autumn.bennett@gmail.com
9963626,Jeffrey,Burns,jeffrey.burns@hotmail.com
1292960,Anthony,Mathis,anthony.mathis@gmail.com
3850704,Kaitlyn,Hampton,contact_kaitlyn@hotmail.com
6396496,Cassandra,Carlson,cassandra.carlson@gmail.com
7213813,Kev,Brown,contact_kev@yahoo.com
1644748,David,Collins,david.collins@yahoo.com
3407303,Louis,Mcdaniel,contact_louis@gmail.com
2741350,Timothy,Graves,contact_timothy@gmail.com
4920197,Nat,Aguirre,nathan.aguirre@gmail.com
1099012,Nicole,Huerta,nicole.huerta@yahoo.com
7395699,Kent,Olsen,kent.olsen@gmail.com
1057394,Miranda,Stevenson,miranda.stevenson@hotmail.com
1980083,Vic,Allen,victoria.allen@gmail.com
7501628,Jam,Allen,james.allen@yahoo.com
3007261,Lor,Allen,lori.allen@gmail.com
4766788,Matthew,James,matthew.james@yahoo.com
1590477,Ian,Mccormick,contact_ian@gmail.com
2240239,William,Black,william.black@hotmail.com
1332077,Adam,English,adam.english@yahoo.com
8993139,Eli,Blankenship,elizabeth.blankenship@hotmail.com
7476923,Ste,Ayers,contact_ste@yahoo.com
5739034,Jer,Curry,jeremy.curry@gmail.com
7488875,Kat,Shaw,contact_kat@gmail.com
8544230,Lis,Simpson,lisa.simpson@gmail.com
4987424,Maria,Patel,contact_maria@hotmail.com
9230270,Shannon,Estrada,shannon.estrada@hotmail.com
5195013,Ang,Andrade,angela.andrade@hotmail.com
6790593,Sarah,Nicholson,sarah.nicholson@hotmail.com
8633369,Angelica,Foley,angelica.foley@hotmail.com
9038452,Kathy,Horn,contact_kathy@yahoo.com
3569227,Con,Lopez,contact_con@gmail.com
8620600,Gre,Coffey,contact_gre@yahoo.com
7042065,Samantha,Williams,samantha.williams@gmail.com
4755409,Chr,Peters,contact_chr@hotmail.com
3422754,Joh,Lopez,john.lopez@hotmail.com
5812771,Michelle,Montgomery,michelle.montgomery@hotmail.com
3925160,Gar,Garcia,gary.garcia@yahoo.com
7517139,Michelle,Moore,michelle.moore@hotmail.com
5315283,Karen,Carson,karen.carson@hotmail.com
3689667,Sarah,Werner,sarah.werner@yahoo.com
7175325,Bonnie,Snyder,bonnie.snyder@yahoo.com
1351266,John,Oliver,john.oliver@yahoo.com
8243337,Dylan,Garcia,dylan.garcia@yahoo.com
6030776,Der,Barnes,derrick.barnes@gmail.com
3415646,Rac,Roberts,rachel.roberts@hotmail.com
1713952,Evan,Glass,evan.glass@gmail.com
8716379,Robert,Lane,robert.lane@yahoo.com
7884890,Vanessa,Orozco,vanessa.orozco@yahoo.com
4808186,Pam,Stephenson,contact_pam@gmail.com
7748315,Katherine,Keller,katherine.keller@yahoo.com
3097558,Sco,Romero,scott.romero@gmail.com
6921373,Mary,Jones,contact_mary@hotmail.com
4491354,Bra,Jordan,brandy.jordan@gmail.com
7808066,Kevin,Simpson,kevin.simpson@hotmail.com
8065567,Jeremiah,Baker,jeremiah.baker@yahoo.com
8008273,Christopher,Flores,christopher.flores@hotmail.com
8727275,Cheyenne,Rogers,contact_cheyenne@gmail.com
8588532,Dia,White,diane.white@gmail.com
8447286,Lauren,Pierce,contact_lauren@hotmail.com
7516989,Mar,Deleon,margaret.deleon@yahoo.com
8776527,Amy,Martinez,contact_amy@yahoo.com
7099529,Jesus,Roth,contact_jesus@gmail.com
6667365,William,Morgan,contact_william@gmail.com
6469556,Car,Jordan,carl.jordan@yahoo.com
7692147,David,Allen,contact_david@yahoo.com
3233293,Jessica,Gates,jessica.gates@gmail.com
9890863,Fra,Jordan,frank.jordan@yahoo.com
4454681,Lori,Thompson,contact_lori@yahoo.com
5127314,Mar,Williams,marvin.williams@hotmail.com
4639973,Jason,Hodges,jason.hodges@gmail.com
4203862,Bri,Brown,brian.brown@hotmail.com
4264878,Stacey,Palmer,stacey.palmer@hotmail.com
7097090,Joshua,Wilson,joshua.wilson@yahoo.com
8774158,Pam,Sharp,contact_pam@gmail.com
7848595,Mar,Sanchez,mark.sanchez@hotmail.com
7288379,Nic,Stewart,nicole.stewart@gmail.com
6148910,Kel,Cox,kelly.cox@yahoo.com
4582165,Melanie,Frazier,melanie.frazier@hotmail.com
7590586,Gary,Powers,contact_gary@hotmail.com
3371148,Ash,Clarke,ashley.clarke@yahoo.com
8889191,Ash,Smith,ashley.smith@gmail.com
2822847,Hector,Tate,hector.tate@hotmail.com
8588667,Jeremy,Hoffman,jeremy.hoffman@yahoo.com
6038538,Eric,Li,eric.li@yahoo.com
7914190,Henry,Odom,henry.odom@hotmail.com
1853720,Nicholas,Franklin,nicholas.franklin@gmail.com
4345540,Andrea,Briggs,contact_andrea@yahoo.com
4643644,Hea,Gomez,contact_hea@gmail.com
6665383,Sean,Atkinson,contact_sean@yahoo.com
3629314,Faith,Mitchell,faith.mitchell@yahoo.com
7447324,Bre,Johnson,brett.johnson@gmail.com
9682223,Charles,Garcia,contact_charles@yahoo.com
8244130,Gwendolyn,Travis,contact_gwendolyn@gmail.com
4025187,Kevin,Barron,contact_kevin@gmail.com
8431976,Les,Webster,contact_les@yahoo.com
1399891,Jeremy,Wade,contact_jeremy@hotmail.com
4463711,Lindsay,Myers,contact_lindsay@yahoo.com
7475513,Tre,Brown,contact_tre@gmail.com
3891398,Han,Rogers,hannah.rogers@hotmail.com
5585548,Ste,Hess,stephanie.hess@yahoo.com
3614824,Laura,Baker,laura.baker@gmail.com
7742368,Christopher,Richmond,contact_christopher@hotmail.com
4318696,Mic,Heath,contact_mic@yahoo.com
3528045,Cyn,Marshall,cynthia.marshall@hotmail.com
7900296,Brett,Bridges,brett.bridges@yahoo.com
6309832,Tammy,Sexton,tammy.sexton@gmail.com
8861463,Kat,Rios,contact_kat@hotmail.com
5122136,Lauren,Davis,lauren.davis@hotmail.com
3190350,Van,Christian,contact_van@hotmail.com
9165219,Maria,Wong,maria.wong@gmail.com
6305200,Amanda,David,amanda.david@hotmail.com
9901791,Tiffany,Anthony,contact_tiffany@gmail.com
1592263,Christopher,Reese,christopher.reese@yahoo.com
2628473,Lori,Hawkins,lori.hawkins@hotmail.com
2096542,Joy,Hampton,contact_joy@gmail.com
2438647,Jon,Williams,contact_jon@gmail.com
1360140,Mar,Lawson,mark.lawson@gmail.com
1145436,Daryl,Velazquez,contact_daryl@yahoo.com
1885043,Eric,Young,eric.young@hotmail.com
6561791,Ste,Watson,stephanie.watson@yahoo.com
2509059,Ray,Garcia,raymond.garcia@hotmail.com
6256199,Abi,Hernandez,abigail.hernandez@hotmail.com
6984371,Richard,Murphy,richard.murphy@hotmail.com
4405893,Kelly,Terry,kelly.terry@gmail.com
3526697,Connor,Stewart,connor.stewart@gmail.com
4573745,Ale,Kelly,contact_ale@gmail.com
6160031,Tim,Morales,contact_tim@gmail.com
2107683,Cole,Ryan,cole.ryan@hotmail.com
7089123,Gin,Estrada,contact_gin@hotmail.com
6293212,Michelle,Leonard,michelle.leonard@hotmail.com
8492990,Lori,Wilson,lori.wilson@gmail.com
8970642,Wil,Alexander,contact_wil@yahoo.com
6681113,Joshua,Mullins,joshua.mullins@gmail.com
3939670,Jar,White,jared.white@hotmail.com
5861048,Robert,Underwood,contact_robert@yahoo.com
6087531,Dou,Brown,douglas.brown@hotmail.com
2702878,Wes,Sheppard,wesley.sheppard@gmail.com
3681207,Jeffrey,Vincent,contact_jeffrey@yahoo.com
3550420,Jerome,Smith,jerome.smith@yahoo.com
3738993,Wal,Price,walter.price@yahoo.com
7965663,Robert,Mcdaniel,robert.mcdaniel@hotmail.com
2987101,Kev,Key,kevin.key@gmail.com
9930598,Mic,Wagner,michael.wagner@yahoo.com
7873288,Cyn,Cantrell,cynthia.cantrell@gmail.com
3655504,Cha,Hendricks,charles.hendricks@yahoo.com
8878038,Sarah,Davila,contact_sarah@gmail.com
5718333,Ste,Cook,stephanie.cook@hotmail.com
5184066,Joseph,Gonzalez,contact_joseph@hotmail.com
2901872,Nic,Love,nicholas.love@gmail.com
3460316,Brenda,Smith,brenda.smith@hotmail.com
8464248,Nicole,Roth,nicole.roth@hotmail.com
2628546,Melissa,Potts,melissa.potts@gmail.com
1660659,Ronald,Howell,ronald.howell@gmail.com
3274969,Ken,Cohen,kenneth.cohen@gmail.com
7391266,And,Golden,andrew.golden@yahoo.com
8932487,Cynthia,Robertson,cynthia.robertson@gmail.com
7364768,Kev,Frederick,kevin.frederick@gmail.com
9000719,Ste,Rodriguez,stephen.rodriguez@gmail.com
3859809,Chr,Murray,chris.murray@yahoo.com
1334774,Don,Morrison,donald.morrison@gmail.com
7079798,Mic,Mann,michael.mann@hotmail.com
8397687,Mat,Wallace,mathew.wallace@hotmail.com
4050662,Bry,Herring,bryan.herring@yahoo.com
8505009,Stephanie,Santos,stephanie.santos@yahoo.com
1333139,Nic,King,contact_nic@gmail.com
9250481,Ric,Evans,contact_ric@yahoo.com
6768490,Daniel,Clarke,daniel.clarke@hotmail.com
6700506,Dylan,Frank,dylan.frank@gmail.com
2426239,Danielle,Shepard,danielle.shepard@yahoo.com
7207035,Lau,Taylor,laura.taylor@yahoo.com
2155782,Cynthia,Olsen,contact_cynthia@hotmail.com
3973517,Cas,Jackson,cassandra.jackson@hotmail.com
3263974,Kar,Bishop,contact_kar@gmail.com
6034918,Lisa,Rios,lisa.rios@gmail.com
7603776,Crystal,Wilson,crystal.wilson@yahoo.com
3507958,Kayla,Montgomery,kayla.montgomery@yahoo.com
2861798,Joshua,Kerr,joshua.kerr@hotmail.com
4307323,Jos,Simon,joseph.simon@yahoo.com
6380429,Anna,Conley,anna.conley@gmail.com
5904810,Ricky,Vega,ricky.vega@gmail.com
2393728,Janet,Taylor,janet.taylor@gmail.com
6951077,Wil,Preston,contact_wil@yahoo.com
9300525,Margaret,Little,margaret.little@gmail.com
1267689,Law,Carlson,contact_law@gmail.com
8008491,Jessica,Miller,contact_jessica@yahoo.com
3836358,Hea,Morris,heather.morris@hotmail.com
7127307,Anthony,Shields,contact_anthony@hotmail.com
5239867,Mar,Woods,mark.woods@gmail.com
4221613,Becky,Reed,contact_becky@hotmail.com
9613805,Kev,Hobbs,kevin.hobbs@gmail.com
5701744,Aus,Walters,austin.walters@gmail.com
9731393,Cassandra,Charles,contact_cassandra@hotmail.com
1393330,Michael,Ramos,contact_michael@hotmail.com
9214276,Bru,Terrell,bruce.terrell@gmail.com
6344676,Vic,Gates,contact_vic@hotmail.com
3799814,Ang,West,contact_ang@yahoo.com
1872600,Jen,Padilla,jenna.padilla@gmail.com
5006465,Jeffrey,Mcdaniel,contact_jeffrey@gmail.com
6144500,Emily,Soto,contact_emily@gmail.com
5414310,Car,Hamilton,carol.hamilton@gmail.com
8531813,Amanda,Maldonado,amanda.maldonado@gmail.com
8263690,Edward,Martin,edward.martin@gmail.com
6662609,She,Frazier,shelia.frazier@gmail.com
1678734,Daniel,Munoz,daniel.munoz@gmail.com
5577437,Linda,Taylor,contact_linda@hotmail.com
8685433,Mary,Aguilar,mary.aguilar@hotmail.com
2346274,James,Olson,contact_james@gmail.com
6585451,Jessica,Palmer,jessica.palmer@gmail.com
1526365,Julie,Rodriguez,contact_julie@yahoo.com
3191940,Daniel,Perez,daniel.perez@yahoo.com
1179145,Samuel,Hull,samuel.hull@hotmail.com
1322326,Tricia,Lewis,tricia.lewis@yahoo.com
6078638,Ale,Berry,alex.berry@yahoo.com
7386601,Chr,Salas,christine.salas@yahoo.com
4349443,Bethany,Haynes,contact_bethany@yahoo.com
8887321,Patrick,Larson,contact_patrick@gmail.com
7375626,Ang,Douglas,angel.douglas@gmail.com
7516222,Rac,Rodriguez,contact_rac@yahoo.com
1603697,Cha,Brown,charlotte.brown@gmail.com
5534607,Kristy,Snyder,contact_kristy@yahoo.com
7293837,Mic,Robinson,michael.robinson@gmail.com
6631019,Daw,Robinson,dawn.robinson@hotmail.com
7153780,Jus,Young,contact_jus@hotmail.com
9599736,William,Alvarez,william.alvarez@gmail.com
8122166,Chase,White,contact_chase@gmail.com
7831599,Pam,Cox,contact_pam@yahoo.com
6739966,Adam,Cooper,adam.cooper@hotmail.com
3220298,Eddie,Griffith,eddie.griffith@hotmail.com
6808928,Amb,Delacruz,amber.delacruz@hotmail.com
5388717,Marc,Murphy,marc.murphy@gmail.com
4236382,Terri,Park,terri.park@gmail.com
9201213,Christina,Morris,christina.morris@yahoo.com
5725154,Mckenzie,Roberts,mckenzie.roberts@hotmail.com
5474022,Mad,Robinson,madeline.robinson@gmail.com
2397644,Jam,Wilkerson,james.wilkerson@hotmail.com
8547636,Steven,Mcbride,steven.mcbride@hotmail.com
2422629,Erin,Pittman,erin.pittman@yahoo.com
6345454,Wes,Sparks,contact_wes@hotmail.com
9536101,Kurt,Schwartz,kurt.schwartz@gmail.com
2904638,Amanda,Howell,amanda.howell@gmail.com
1386001,Nancy,Jackson,contact_nancy@hotmail.com
3156305,James,Rowland,james.rowland@yahoo.com
2795994,Jef,Smith,contact_jef@yahoo.com
5076209,Gab,Perez,gabriel.perez@gmail.com
2248470,Mar,Thomas,maria.thomas@gmail.com
3971366,Katelyn,Gonzalez,katelyn.gonzalez@gmail.com
7264416,Derek,Neal,contact_derek@gmail.com
2089834,Pau,Kennedy,paula.kennedy@yahoo.com
3583794,Brian,Johnson,brian.johnson@gmail.com
4975282,Mia,King,contact_mia@gmail.com
2466111,Thomas,Brooks,thomas.brooks@hotmail.com
2265195,Douglas,Davis,douglas.davis@hotmail.com
1161820,Debra,Franklin,debra.franklin@gmail.com
1225606,Kevin,Owens,kevin.owens@gmail.com
6723292,Elizabeth,Bates,elizabeth.bates@gmail.com
2180827,Tanner,Miller,tanner.miller@hotmail.com
3621335,Lisa,Fisher,lisa.fisher@gmail.com
8730320,Nicole,Brown,nicole.brown@hotmail.com
6551591,Melanie,Griffin,contact_melanie@yahoo.com
2775578,Kellie,Hendricks,contact_kellie@hotmail.com
3046457,Joe,Perez,joe.perez@hotmail.com
1942316,John,Cole,john.cole@gmail.com
3327250,Mar,Allen,marcus.allen@hotmail.com
4347412,Gin,Mendez,gina.mendez@gmail.com
2361565,Haley,Robinson,haley.robinson@hotmail.com
4113428,Robert,Hayes,robert.hayes@gmail.com
2538535,Eric,Wilson,eric.wilson@hotmail.com
2536556,Bil,Ramirez,bill.ramirez@yahoo.com
1064443,Christopher,Miller,contact_christopher@hotmail.com
8264020,Amy,Perez,amy.perez@gmail.com
4910362,Maurice,Young,maurice.young@hotmail.com
4526890,Kyle,Hawkins,contact_kyle@gmail.com
1838837,Joshua,Kennedy,contact_joshua@gmail.com
2332311,Allison,Bennett,contact_allison@gmail.com
7491120,Cindy,Hernandez,cindy.hernandez@gmail.com
6375503,Emily,Jones,emily.jones@hotmail.com
9880742,Taylor,Martinez,contact_taylor@hotmail.com
4231939,Sam,Vasquez,samuel.vasquez@gmail.com
8986694,Scott,Gray,contact_scott@hotmail.com
4310140,Joseph,Daniels,joseph.daniels@yahoo.com
9309761,Christopher,Murillo,christopher.murillo@yahoo.com
4121650,Ann,Malone,ann.malone@yahoo.com
8872045,Jacob,Franklin,jacob.franklin@yahoo.com
5832903,Matthew,Li,contact_matthew@yahoo.com
2027878,Alice,Vargas,contact_alice@gmail.com
8424192,Mar,Miller,mary.miller@yahoo.com
4102574,Sabrina,Shepherd,sabrina.shepherd@gmail.com
9515853,Monica,Duarte,monica.duarte@yahoo.com
1105921,Rose,Lee,rose.lee@yahoo.com
2334766,Han,Collins,hannah.collins@gmail.com
3950288,Joseph,Ramos,joseph.ramos@yahoo.com
4317199,Holly,Nelson,holly.nelson@yahoo.com
5416796,Ste,Patterson,steven.patterson@hotmail.com
3414120,Jen,Knight,jennifer.knight@hotmail.com
4176691,Christine,Meadows,christine.meadows@gmail.com
3080547,Janet,Brown,janet.brown@yahoo.com
2271373,Bre,Kline,brett.kline@gmail.com
4157447,Roger,Meyer,contact_roger@gmail.com
4138145,Brian,Hayden,brian.hayden@yahoo.com
6392288,Krista,Brennan,krista.brennan@hotmail.com
4820432,Jos,Clark,joseph.clark@hotmail.com
3725015,Christopher,Newman,contact_christopher@yahoo.com
7621429,Joseph,Herrera,joseph.herrera@gmail.com
5978127,Fel,Stewart,contact_fel@yahoo.com
7916943,Lisa,Hernandez,lisa.hernandez@yahoo.com
9500251,Michael,Cunningham,contact_michael@gmail.com
5788268,Jillian,Duncan,jillian.duncan@gmail.com
4661765,Jody,Garcia,contact_jody@hotmail.com
8155873,Bradley,Gonzales,contact_bradley@gmail.com
5210238,William,Smith,william.smith@yahoo.com
6784096,Chelsea,Ramirez,chelsea.ramirez@yahoo.com
5039461,Mad,Harris,madison.harris@gmail.com
9901166,Ton,Zuniga,tony.zuniga@yahoo.com
1117156,Hea,Murillo,contact_hea@yahoo.com
5222291,Jer,Richards,contact_jer@gmail.com
5721932,Andrew,Brown,andrew.brown@yahoo.com
3705563,Tyler,Thomas,contact_tyler@gmail.com
2084703,Patrick,Reese,patrick.reese@gmail.com
2033804,Apr,Hall,april.hall@yahoo.com
2053323,Mic,Lawrence,michael.lawrence@gmail.com
9286653,Ang,Thompson,angelica.thompson@gmail.com
6775107,Joh,Campbell,john.campbell@yahoo.com
2013410,Nic,Gross,nicholas.gross@yahoo.com
8215793,Ear,Russell,earl.russell@gmail.com
2341365,Judith,Ross,judith.ross@gmail.com
8481497,Sar,Guzman,sarah.guzman@yahoo.com
1201308,Jon,Clayton,contact_jon@yahoo.com
2480282,Joh,Lee,john.lee@yahoo.com
6341832,Laura,Beard,contact_laura@hotmail.com
7064624,Rus,Carroll,russell.carroll@yahoo.com
2105263,Jennifer,Hernandez,contact_jennifer@hotmail.com
5402967,Nicole,Sanchez,nicole.sanchez@yahoo.com
6353005,Tonya,Smith,tonya.smith@yahoo.com
8562950,Lau,Morgan,laura.morgan@hotmail.com
7008131,Hea,Bush,heather.bush@hotmail.com
9060593,Vincent,Bryant,vincent.bryant@hotmail.com
7215008,Karen,Hooper,karen.hooper@hotmail.com
9383489,Oscar,Lopez,oscar.lopez@gmail.com
6037311,Anthony,Wright,contact_anthony@gmail.com
9205525,Luke,Davidson,contact_luke@hotmail.com
6259232,Eduardo,Wallace,eduardo.wallace@gmail.com
4192453,Joh,Mclean,john.mclean@gmail.com
4827078,Che,Patel,cheryl.patel@gmail.com
3861403,Eri,Mosley,contact_eri@hotmail.com
1716378,Jose,Moore,jose.moore@gmail.com
6920595,Katherine,Hunt,contact_katherine@gmail.com
7874168,Alyssa,Leon,alyssa.leon@hotmail.com
8800479,Lindsey,Ford,lindsey.ford@yahoo.com
8745037,Cassandra,Taylor,contact_cassandra@hotmail.com
6441988,Sarah,Smith,sarah.smith@gmail.com
7765272,Patricia,Werner,contact_patricia@yahoo.com
8778317,Jas,Campbell,jasmine.campbell@yahoo.com
8791214,Jos,Horn,jose.horn@gmail.com
8586261,Jenna,Benton,jenna.benton@yahoo.com
3561626,Pai,Robertson,paige.robertson@hotmail.com
3383755,Victoria,Blake,victoria.blake@hotmail.com
7468693,Mar,Moore,contact_mar@hotmail.com
8039672,Lisa,Morrison,lisa.morrison@gmail.com
1410703,Mary,Tanner,mary.tanner@gmail.com
3339281,Scott,Navarro,scott.navarro@gmail.com
6313738,Mar,Wood,mark.wood@yahoo.com
7399792,Kei,Rivera,keith.rivera@gmail.com
3506246,Deb,Ali,contact_deb@gmail.com
7701126,Kelsey,Thomas,kelsey.thomas@hotmail.com
7135596,Mic,Chang,contact_mic@gmail.com
1234044,Adam,Gordon,adam.gordon@gmail.com
8287708,Jason,Jackson,jason.jackson@hotmail.com
3898766,Omar,Silva,omar.silva@hotmail.com
3534008,Shannon,Crawford,shannon.crawford@hotmail.com
4085491,Amanda,Lang,amanda.lang@hotmail.com
4640551,Michael,Garcia,contact_michael@yahoo.com
2591255,Michele,Williams,michele.williams@gmail.com
1274967,Robin,Alvarez,robin.alvarez@gmail.com
7564784,Kenneth,Owens,kenneth.owens@gmail.com
8923681,Bri,Lewis,contact_bri@hotmail.com
3514901,Tina,Palmer,tina.palmer@yahoo.com
5544781,Chr,Webb,christina.webb@gmail.com
6659210,Kevin,Smith,kevin.smith@yahoo.com
4317803,Caroline,Farmer,caroline.farmer@yahoo.com
1363741,Hea,York,heather.york@hotmail.com
9343685,Tammy,Nunez,tammy.nunez@gmail.com
7580559,Jose,Boyd,jose.boyd@gmail.com
3656107,Michael,Farley,contact_michael@hotmail.com
6092256,Matthew,Watson,matthew.watson@yahoo.com
5658522,Don,Marsh,contact_don@gmail.com
4820831,Sarah,Brown,sarah.brown@gmail.com
4186766,Daw,Wright,dawn.wright@gmail.com
9162698,Mitchell,Bryant,mitchell.bryant@hotmail.com
9374127,Thomas,Freeman,thomas.freeman@yahoo.com
8262122,David,Porter,david.porter@gmail.com
8299893,Deborah,Fields,deborah.fields@gmail.com
3681345,Brittany,Jones,contact_brittany@hotmail.com
9176244,Christopher,Day,christopher.day@hotmail.com
2002613,Ter,Moyer,teresa.moyer@hotmail.com
6928554,Don,Herrera,contact_don@hotmail.com
2778577,Heather,Carter,contact_heather@hotmail.com
2122497,James,Zimmerman,contact_james@hotmail.com
6423780,William,Peterson,william.peterson@yahoo.com
8997703,Reb,Woodard,rebecca.woodard@hotmail.com
5854015,Jennifer,Myers,jennifer.myers@yahoo.com
3373603,Nat,Walter,nathan.walter@yahoo.com
4945202,Rachel,Allen,rachel.allen@yahoo.com
9703393,Andrew,Thornton,andrew.thornton@gmail.com
9291830,Jac,Long,contact_jac@yahoo.com
4630654,John,Blair,john.blair@hotmail.com
7985116,Wal,Page,walter.page@gmail.com
9229339,Dan,Pena,danny.pena@hotmail.com
1217560,Mary,Barnes,mary.barnes@hotmail.com
6167511,Sus,Walker,susan.walker@gmail.com
3660906,Michelle,Franco,contact_michelle@hotmail.com
6680438,Glen,Lawrence,glen.lawrence@gmail.com
6211203,Ash,Rodriguez,ashley.rodriguez@yahoo.com
8197382,Dav,Hall,contact_dav@yahoo.com
3044259,Dale,Yoder,contact_dale@hotmail.com
3171442,Pat,Bray,contact_pat@hotmail.com
9885829,Kelli,Mcclain,kelli.mcclain@gmail.com
5729448,Steven,Carroll,steven.carroll@gmail.com
6722662,Nicole,Alvarez,nicole.alvarez@hotmail.com
7263852,Susan,Snow,susan.snow@hotmail.com
3149723,Jos,Hall,contact_jos@gmail.com
7200314,Hayley,Hampton,hayley.hampton@gmail.com
8944398,Earl,Gonzalez,earl.gonzalez@hotmail.com
2059061,Russell,Arnold,russell.arnold@yahoo.com
1297120,Tim,Cooley,timothy.cooley@gmail.com
8500727,Vincent,Hall,vincent.hall@gmail.com
7207712,Brian,Rodriguez,brian.rodriguez@yahoo.com
7996108,Anthony,Gates,anthony.gates@yahoo.com
5129038,Don,Wade,contact_don@yahoo.com
4514088,Christopher,Torres,christopher.torres@hotmail.com
6472738,Meg,Lopez,contact_meg@gmail.com
4916445,Adam,Black,adam.black@hotmail.com
6243501,Sar,Rhodes,sarah.rhodes@gmail.com
8989103,Ric,Franco,richard.franco@yahoo.com
5706534,Jessica,Aguilar,contact_jessica@hotmail.com
6716959,John,Mcconnell,john.mcconnell@yahoo.com
6554277,Erica,Foster,erica.foster@hotmail.com
4261117,Luc,Reynolds,contact_luc@yahoo.com
3132935,Joseph,Goodwin,joseph.goodwin@hotmail.com
6399457,Tyler,Lopez,tyler.lopez@yahoo.com
4840752,Deb,Russo,deborah.russo@yahoo.com
4976500,Jes,Williams,jessica.williams@yahoo.com
5179188,Amber,Armstrong,amber.armstrong@yahoo.com
9197145,Tammie,Austin,tammie.austin@hotmail.com
8881139,Eric,Walsh,contact_eric@gmail.com
1325432,Sheila,Huynh,sheila.huynh@hotmail.com
6258986,Robert,Choi,robert.choi@gmail.com
9572494,Tami,Cohen,tami.cohen@gmail.com
2603610,Beth,Roberts,beth.roberts@hotmail.com
7444855,Marissa,Anderson,marissa.anderson@hotmail.com
3488991,Deborah,Wood,deborah.wood@yahoo.com
6396474,Kristina,Palmer,contact_kristina@yahoo.com
2364116,Paul,Newton,contact_paul@hotmail.com
9879099,Matthew,Allen,contact_matthew@hotmail.com
9236614,Jennifer,Wilson,jennifer.wilson@gmail.com
8762637,Jen,Schwartz,contact_jen@gmail.com
5462862,Thomas,Foster,thomas.foster@hotmail.com
2122822,Jos,Bell,contact_jos@gmail.com
8541105,David,Clark,david.clark@hotmail.com
7536008,Bet,Johnson,contact_bet@hotmail.com
4241051,Andrea,Camacho,andrea.camacho@gmail.com
5634040,Brandon,Wong,brandon.wong@hotmail.com
3400540,Vanessa,Bentley,vanessa.bentley@yahoo.com
7103256,Bec,Parks,becky.parks@yahoo.com
1990212,Barbara,Elliott,barbara.elliott@gmail.com
8948154,Mindy,Brown,contact_mindy@yahoo.com
5137020,Christine,Gordon,contact_christine@gmail.com
4746911,Mark,Moreno,mark.moreno@yahoo.com
1051224,Pat,Sawyer,patricia.sawyer@gmail.com
6489746,Matthew,Evans,matthew.evans@hotmail.com
6975520,Ken,Case,kenneth.case@hotmail.com
9095897,Sam,King,samantha.king@yahoo.com
3451490,Fra,Arroyo,frank.arroyo@hotmail.com
5576112,Cas,Morales,casey.morales@gmail.com
6369307,All,Mann,allison.mann@gmail.com
9131878,Christopher,Martinez,contact_christopher@gmail.com
6270869,Patrick,Deleon,patrick.deleon@yahoo.com
9997791,Jua,Wright,juan.wright@yahoo.com
4356421,Wil,Sanchez,contact_wil@yahoo.com
4157389,Frances,Williams,frances.williams@yahoo.com
3019346,Peter,Anderson,peter.anderson@gmail.com
5959673,Brandi,Mcintyre,contact_brandi@gmail.com
2016077,Way,White,wayne.white@hotmail.com
4270602,Leslie,Jones,leslie.jones@hotmail.com
9782909,Ama,Jimenez,contact_ama@yahoo.com
9457885,Deborah,Lopez,contact_deborah@gmail.com
5738829,Rebecca,Arroyo,rebecca.arroyo@gmail.com
5164549,Tanya,House,tanya.house@gmail.com
7308382,Mel,Prince,melissa.prince@yahoo.com
8096616,Jeremy,Rodriguez,contact_jeremy@yahoo.com
1183106,Gina,Cunningham,gina.cunningham@yahoo.com
6002580,Jeremy,Turner,contact_jeremy@gmail.com
5378650,Jam,Aguilar,james.aguilar@hotmail.com
4426579,Ani,Tanner,anita.tanner@hotmail.com
3416919,Sam,Harrison,samuel.harrison@yahoo.com
5967790,Mel,Wells,melissa.wells@hotmail.com
1424190,Wil,Horton,william.horton@hotmail.com
1483540,Eil,Kelly,eileen.kelly@yahoo.com
8070308,Nathan,Garcia,nathan.garcia@gmail.com
2320529,Christopher,Robinson,christopher.robinson@hotmail.com
7184612,Amy,Thompson,amy.thompson@yahoo.com
8800390,Mark,Carter,contact_mark@hotmail.com
3476564,April,Patterson,contact_april@yahoo.com
8494132,David,Robertson,david.robertson@gmail.com
7409222,Audrey,Davis,contact_audrey@yahoo.com
3633660,Nathan,Hughes,nathan.hughes@yahoo.com
8451420,Kar,Jenkins,karina.jenkins@yahoo.com
6269505,Samantha,Ortiz,samantha.ortiz@yahoo.com
2807658,Destiny,Simmons,contact_destiny@gmail.com
5589441,Brian,Hebert,brian.hebert@gmail.com
8649458,Hel,Stokes,helen.stokes@yahoo.com
5629663,Ger,Davis,gerald.davis@gmail.com
4318209,Ste,Young,contact_ste@hotmail.com
8605673,Joshua,Ayers,joshua.ayers@hotmail.com
5777526,John,Wright,john.wright@yahoo.com
3733026,Dan,Collins,contact_dan@yahoo.com
3156470,Jef,Wallace,jeff.wallace@gmail.com
6415747,Jennifer,Vega,jennifer.vega@gmail.com
1284478,Tho,Jennings,thomas.jennings@hotmail.com
3078947,Tammy,Blankenship,tammy.blankenship@gmail.com
1879520,Douglas,White,douglas.white@hotmail.com
6478399,Kenneth,Hughes,contact_kenneth@gmail.com
9004435,Rub,Barnett,ruben.barnett@gmail.com
7187806,Jam,Wright,jamie.wright@gmail.com
3378218,Alison,Knox,alison.knox@hotmail.com
6289331,Ashley,Chen,ashley.chen@hotmail.com
7291943,Brent,Williams,brent.williams@hotmail.com
1427236,Katie,Chapman,katie.chapman@yahoo.com
8285667,Melissa,Garcia,melissa.garcia@gmail.com
6433875,Tom,Arias,contact_tom@gmail.com
7636021,Amanda,Barnes,amanda.barnes@gmail.com
3986318,Casey,Mcfarland,casey.mcfarland@yahoo.com
6479614,Aaron,Joseph,aaron.joseph@gmail.com
1579384,Eli,Smith,elizabeth.smith@gmail.com
5746424,Jeanne,Butler,contact_jeanne@hotmail.com
6436055,Robert,Thomas,robert.thomas@gmail.com
1660711,Bra,Atkins,brady.atkins@gmail.com
9585041,Dai,Hooper,daisy.hooper@yahoo.com
1937161,Aus,Gordon,austin.gordon@hotmail.com
3212357,Jennifer,Evans,jennifer.evans@gmail.com
9332850,Caitlin,Murphy,caitlin.murphy@hotmail.com
2071693,Sue,Webb,contact_sue@gmail.com
2139083,Abi,Lang,contact_abi@yahoo.com
3347324,Des,Macias,desiree.macias@hotmail.com
3542921,Alison,Hansen,contact_alison@hotmail.com
2715524,Dav,Martin,david.martin@hotmail.com
9770802,George,Jordan,george.jordan@yahoo.com
3741090,Dav,Allen,david.allen@gmail.com
4942873,Troy,Stafford,troy.stafford@gmail.com
2541145,Christine,Bradley,christine.bradley@yahoo.com
7045114,Christopher,Alexander,contact_christopher@yahoo.com
6990825,Ryan,Robinson,ryan.robinson@yahoo.com
6673350,Brandy,Jennings,brandy.jennings@hotmail.com
2361617,Jeremy,Thompson,contact_jeremy@hotmail.com
7922980,Jas,Hess,jason.hess@hotmail.com
6764200,Mary,Logan,mary.logan@gmail.com
2167300,Chr,Wilson,christopher.wilson@hotmail.com
9262035,Tra,Boyle,travis.boyle@gmail.com
7720279,Phillip,Moses,phillip.moses@hotmail.com
2042711,And,Powers,andrew.powers@yahoo.com
9802658,William,Meza,william.meza@yahoo.com
7985242,Dan,Dyer,contact_dan@gmail.com
7643612,Geo,Booker,contact_geo@hotmail.com
3600200,Audrey,Collins,contact_audrey@hotmail.com
2501119,Ama,Casey,contact_ama@gmail.com
4477154,Ian,Lester,contact_ian@yahoo.com
8524550,Jes,Richards,contact_jes@gmail.com
3668591,Rya,Martin,contact_rya@hotmail.com
2933559,Jamie,Berry,jamie.berry@hotmail.com
5374737,Gar,Wilcox,contact_gar@gmail.com
4815074,Anthony,Black,anthony.black@hotmail.com
5014206,Mel,Richardson,melinda.richardson@gmail.com
1948150,Maria,Brandt,maria.brandt@yahoo.com
1406431,Ronald,Smith,ronald.smith@hotmail.com
1880520,Ashley,Knight,ashley.knight@hotmail.com
4783595,Theresa,Young,theresa.young@yahoo.com
9031139,Edw,Cook,edward.cook@yahoo.com
1711267,Dylan,Lopez,dylan.lopez@yahoo.com
1707593,Diane,Marsh,diane.marsh@hotmail.com
4674225,Jonathan,Hernandez,jonathan.hernandez@gmail.com
4903481,Laura,Davis,laura.davis@hotmail.com
3560718,Kelly,Smith,kelly.smith@gmail.com
3309771,Jim,Grant,jimmy.grant@gmail.com
9398403,Pau,Nunez,paul.nunez@yahoo.com
6359632,Ric,Flores,richard.flores@gmail.com
6418206,Lin,Stanton,lindsay.stanton@yahoo.com
7501595,Ash,Tapia,ashley.tapia@gmail.com
7640569,Stephen,Martin,stephen.martin@gmail.com
1323057,Richard,Pearson,richard.pearson@hotmail.com
9560523,Nicole,Moreno,nicole.moreno@gmail.com
5859342,Tra,Freeman,contact_tra@hotmail.com
9258203,Sara,Cole,sara.cole@hotmail.com
1394484,Sierra,Cervantes,sierra.cervantes@hotmail.com
7961516,Mia,Ferguson,mia.ferguson@gmail.com
2140205,Adam,Doyle,adam.doyle@gmail.com
1673270,Alexis,Johnson,alexis.johnson@gmail.com
4357530,Carol,Johnson,contact_carol@yahoo.com
1604073,Jeremy,Clark,contact_jeremy@hotmail.com
4503696,Ric,Jackson,richard.jackson@gmail.com
4850471,Joan,Davis,contact_joan@hotmail.com
9245415,Judy,Mcdonald,judy.mcdonald@hotmail.com
1119996,Reb,Cunningham,rebekah.cunningham@yahoo.com
6861649,Jam,Mccall,james.mccall@gmail.com
2352703,Andrea,Mann,andrea.mann@yahoo.com
7175999,Alexandra,Wilson,alexandra.wilson@yahoo.com
9542096,Sha,Greene,shawn.greene@hotmail.com
3754469,Nic,Hernandez,nicole.hernandez@gmail.com
7663599,Kristi,Leblanc,contact_kristi@gmail.com
4569828,Wil,Shaw,william.shaw@yahoo.com
3554429,Kathryn,Coleman,kathryn.coleman@hotmail.com
9996446,Ashley,Carey,contact_ashley@yahoo.com
1123311,Tyler,Thomas,tyler.thomas@gmail.com
5721396,Scott,Weaver,scott.weaver@yahoo.com
5456812,Emi,Norton,contact_emi@yahoo.com
7279721,Ped,Green,contact_ped@gmail.com
9571137,Kim,Lopez,kimberly.lopez@hotmail.com
7516602,Christopher,Mason,christopher.mason@gmail.com
3682061,Christina,Adams,contact_christina@yahoo.com
4382050,Dustin,Hall,dustin.hall@hotmail.com
5299635,Joh,Copeland,john.copeland@hotmail.com
6611739,Nathan,Monroe,nathan.monroe@gmail.com
4284516,Sta,Dennis,contact_sta@gmail.com
6487124,Melinda,Warren,melinda.warren@yahoo.com
5367811,Ste,Moore,steven.moore@hotmail.com
7587279,Mar,Bowman,maria.bowman@hotmail.com
2999301,Anna,Lee,anna.lee@hotmail.com
5787910,Les,Wiggins,leslie.wiggins@yahoo.com
8577425,Pat,Wong,patrick.wong@gmail.com
1483477,Matthew,Rogers,matthew.rogers@gmail.com
8474978,Christina,Smith,christina.smith@hotmail.com
9586664,Willie,Wright,willie.wright@hotmail.com
7806362,Mic,Diaz,contact_mic@gmail.com
4432451,Angela,Schwartz,angela.schwartz@yahoo.com
4100967,Mik,Davis,mike.davis@hotmail.com
2890683,Rob,Hardy,robert.hardy@yahoo.com
1698940,Ash,Anderson,contact_ash@gmail.com
7500366,Brenda,Frazier,brenda.frazier@gmail.com
2790625,George,Holland,george.holland@gmail.com
4449113,Dan,Vargas,contact_dan@hotmail.com
4357836,Ama,Holt,amanda.holt@gmail.com
6009840,Louis,Johnston,louis.johnston@yahoo.com
4596069,James,Griffin,james.griffin@yahoo.com
6089714,Bet,Freeman,contact_bet@gmail.com
7055540,Taylor,Nicholson,contact_taylor@yahoo.com
8780933,Mar,Lane,maria.lane@hotmail.com
1912136,Amanda,Melendez,amanda.melendez@gmail.com
4855572,Dan,Morales,contact_dan@yahoo.com
5233438,Michelle,Brown,michelle.brown@gmail.com
4637402,Jessica,Cunningham,jessica.cunningham@yahoo.com
9574824,Lin,Barnes,contact_lin@yahoo.com
1399507,Kat,Matthews,kathryn.matthews@hotmail.com
6199285,Ann,Kim,ann.kim@hotmail.com
1207372,Bri,Cunningham,brittney.cunningham@hotmail.com
4630984,Jon,Parker,contact_jon@yahoo.com
4035319,Tamara,Jackson,tamara.jackson@yahoo.com
6602449,Mar,Werner,maria.werner@yahoo.com
4462023,Jen,Martinez,jennifer.martinez@yahoo.com
9381774,Ale,Kane,contact_ale@gmail.com
7519151,Ste,Garcia,contact_ste@gmail.com
6492169,Amy,Knight,contact_amy@hotmail.com
8682024,Jonathan,Smith,jonathan.smith@yahoo.com
7555770,Richard,Payne,richard.payne@gmail.com
3772557,Stacy,Joseph,contact_stacy@gmail.com
9249059,Leslie,Barrett,leslie.barrett@yahoo.com
9056009,Mic,Stein,contact_mic@yahoo.com
5787252,Johnathan,Reeves,contact_johnathan@yahoo.com
5169447,Chr,Brandt,contact_chr@yahoo.com
2303155,Erika,Thomas,erika.thomas@gmail.com
2799550,Joshua,Webster,joshua.webster@gmail.com
1004542,Sara,Adams,sara.adams@yahoo.com
1523448,Ann,Hayden,contact_ann@hotmail.com
1839331,Jeffrey,Crawford,jeffrey.crawford@gmail.com
1188104,Ang,Peterson,angela.peterson@yahoo.com
5600838,Jason,Kemp,jason.kemp@hotmail.com
1000159,Kristen,Frye,kristen.frye@yahoo.com
6090988,Eric,Smith,eric.smith@yahoo.com
8466878,Christy,Mcguire,christy.mcguire@hotmail.com
7399181,Cha,Thompson,charles.thompson@gmail.com
3675751,Mar,Reyes,contact_mar@gmail.com
2631293,Cor,Jones,cory.jones@hotmail.com
1898215,Samantha,French,samantha.french@hotmail.com
7174850,Sar,Robinson,sara.robinson@yahoo.com
4612279,Art,Crawford,arthur.crawford@yahoo.com
4200848,Jennifer,Farmer,contact_jennifer@gmail.com
8099541,Vin,Saunders,contact_vin@yahoo.com
7254897,Sean,Rodriguez,sean.rodriguez@yahoo.com
2276737,Joe,Barber,joe.barber@gmail.com
5697262,Scott,Gray,scott.gray@gmail.com
8004270,Kathy,Ferguson,contact_kathy@gmail.com
1375717,Vanessa,Miller,vanessa.miller@gmail.com
5990717,Maria,Booth,contact_maria@hotmail.com
1587080,Jasmine,Perkins,jasmine.perkins@yahoo.com
3014549,Jus,Brown,justin.brown@hotmail.com
6067560,Christina,Chang,contact_christina@gmail.com
3379648,Ste,Jones,steven.jones@yahoo.com
5407805,Amy,Mcdaniel,contact_amy@yahoo.com
8665973,Janet,Shaw,janet.shaw@gmail.com
4433725,Bra,Berry,bradley.berry@gmail.com
3018718,Ama,Fisher,amanda.fisher@yahoo.com
1509483,Dav,Taylor,contact_dav@yahoo.com
8994424,Henry,Baker,henry.baker@hotmail.com
3928988,Jonathan,Pearson,contact_jonathan@gmail.com
1240653,Denise,Patterson,denise.patterson@hotmail.com
2888892,James,Adams,james.adams@hotmail.com
2444438,Wil,Hunter,contact_wil@yahoo.com
4939337,Jerry,Green,contact_jerry@hotmail.com
8637736,Brian,Silva,contact_brian@yahoo.com
5582437,Joseph,Mata,joseph.mata@yahoo.com
5530969,Brenda,Williams,brenda.williams@hotmail.com
1378476,Che,Butler,contact_che@gmail.com
9048449,Lea,Allison,contact_lea@gmail.com
2061726,Jesse,Clarke,jesse.clarke@hotmail.com
3571860,Jus,Spence,contact_jus@yahoo.com
4615080,Roger,Mcdaniel,roger.mcdaniel@gmail.com
2093165,Crystal,Fox,crystal.fox@gmail.com
7669596,Tho,Mitchell,thomas.mitchell@yahoo.com
7332141,Cat,Davis,contact_cat@gmail.com
1501607,Wil,Brown,william.brown@gmail.com
1623460,Jessica,Horn,jessica.horn@gmail.com
9345380,Patricia,York,patricia.york@hotmail.com
8255936,David,Smith,david.smith@yahoo.com
8813176,Jessica,Hunt,jessica.hunt@yahoo.com
7919330,Dav,Smith,david.smith@gmail.com
3936396,Shelly,Medina,shelly.medina@yahoo.com
1222617,Lau,Gonzales,laurie.gonzales@hotmail.com
1738763,Eri,Carroll,contact_eri@hotmail.com
2057136,Steven,Williams,contact_steven@gmail.com
5711426,Theresa,Morgan,contact_theresa@gmail.com
5723937,Nathan,Hogan,contact_nathan@hotmail.com
9039158,Jamie,Levy,jamie.levy@gmail.com
4400718,Denise,Butler,denise.butler@hotmail.com
5484288,Jen,Jones,contact_jen@hotmail.com
1409580,Ashley,Bennett,ashley.bennett@yahoo.com
5562772,John,Mcmillan,contact_john@gmail.com
4155287,Chr,Khan,christina.khan@yahoo.com
4939600,Kat,Durham,contact_kat@gmail.com
8516010,Edward,Gomez,edward.gomez@gmail.com
1032691,Tammy,Yang,tammy.yang@hotmail.com
1740262,Christopher,Taylor,christopher.taylor@hotmail.com
8303868,Ama,Gibson,contact_ama@hotmail.com
9196133,Lori,Orozco,lori.orozco@yahoo.com
4884275,Danielle,Smith,danielle.smith@gmail.com
1793470,All,Reynolds,contact_all@hotmail.com
5806959,Matthew,Ortega,contact_matthew@yahoo.com
7107490,Timothy,Dixon,contact_timothy@yahoo.com
2483374,Mic,Jensen,contact_mic@hotmail.com
7162223,Nancy,Reid,nancy.reid@yahoo.com
8654730,Teresa,Garcia,contact_teresa@yahoo.com
8926818,Bla,Solomon,blake.solomon@hotmail.com
3749697,Kar,Calderon,karen.calderon@gmail.com
7262388,Eri,Wright,erica.wright@gmail.com
7228915,Bre,Smith,brenda.smith@hotmail.com
3444368,Nicole,Schmitt,nicole.schmitt@yahoo.com
6380641,Steven,Green,steven.green@hotmail.com
6818132,Chr,Davis,contact_chr@yahoo.com
7828354,Kim,Hart,contact_kim@hotmail.com
3918610,Dan,Johnson,danielle.johnson@yahoo.com
7740736,Greg,Wise,contact_greg@yahoo.com
7242968,Mario,Fry,mario.fry@yahoo.com
8843082,Makayla,Murphy,makayla.murphy@yahoo.com
6829027,Bra,Carr,brandon.carr@gmail.com
5906489,Den,French,dennis.french@yahoo.com
3476873,Rob,Casey,robert.casey@hotmail.com
9296512,Chad,Coleman,chad.coleman@yahoo.com
7842181,William,Walker,william.walker@gmail.com
7045314,Car,Tran,carla.tran@hotmail.com
8242914,Anthony,Boyd,anthony.boyd@hotmail.com
2450315,Deb,Swanson,deborah.swanson@yahoo.com
5247996,Vanessa,White,vanessa.white@hotmail.com
3309241,Michael,Guzman,contact_michael@yahoo.com
6583525,Annette,Contreras,annette.contreras@gmail.com
7017462,Jul,Young,contact_jul@yahoo.com
8827496,Meg,Hernandez,megan.hernandez@yahoo.com
8562644,Maria,Davis,maria.davis@yahoo.com
3756096,Richard,Hunt,contact_richard@yahoo.com
1717322,Kim,Moore,kim.moore@gmail.com
6762197,Amanda,Bell,amanda.bell@gmail.com
9495191,Jac,Torres,contact_jac@hotmail.com
3433543,Osc,Walker,oscar.walker@gmail.com
6731933,Bri,Taylor,brian.taylor@gmail.com
3674757,Nic,Hamilton,nicole.hamilton@yahoo.com
3340778,Bruce,Taylor,bruce.taylor@gmail.com
4452965,Jon,Padilla,jonathan.padilla@hotmail.com
7649652,Maureen,Mendez,maureen.mendez@gmail.com
2371426,Sar,Sampson,sara.sampson@gmail.com
8029251,Tara,Anderson,tara.anderson@gmail.com
2877034,Cory,Ferguson,contact_cory@hotmail.com
9411821,Larry,Montgomery,larry.montgomery@hotmail.com
1704281,Kevin,Stewart,kevin.stewart@hotmail.com
9716918,Juan,Frye,contact_juan@yahoo.com
2741731,Rita,White,rita.white@gmail.com
1067788,Kel,Peters,contact_kel@hotmail.com
5273444,Ang,Olson,contact_ang@hotmail.com
3763239,Marissa,Levine,contact_marissa@hotmail.com
4804776,Jen,Caldwell,contact_jen@hotmail.com
6618685,Pat,Cohen,contact_pat@hotmail.com
9207078,Stephen,Brown,stephen.brown@yahoo.com
2961614,Jennifer,Neal,jennifer.neal@yahoo.com
6460770,Abigail,Hanson,abigail.hanson@hotmail.com
7263305,Matthew,Hill,matthew.hill@hotmail.com
7626337,Mic,Mitchell,michael.mitchell@yahoo.com
9776514,Kenneth,Chapman,contact_kenneth@gmail.com
7590085,Dave,Williams,dave.williams@hotmail.com
4675408,Jennifer,Padilla,contact_jennifer@gmail.com
6891056,Karen,Vasquez,karen.vasquez@hotmail.com
7845078,Bethany,Lynch,bethany.lynch@yahoo.com
2785542,Cri,Kim,contact_cri@hotmail.com
4788543,Chr,Daniels,contact_chr@hotmail.com
8611052,Shari,Craig,contact_shari@gmail.com
3612232,Sharon,Bauer,sharon.bauer@hotmail.com
4159672,Chr,Mendez,christina.mendez@gmail.com
1010001,Heidi,Flores,heidi.flores@gmail.com
9464291,Amanda,Sullivan,contact_amanda@yahoo.com
2808598,Donna,Davis,donna.davis@hotmail.com
9308126,Tyler,Wolf,tyler.wolf@yahoo.com
3421884,Stephanie,Garcia,stephanie.garcia@hotmail.com
2211426,Thomas,Williams,contact_thomas@hotmail.com
6143155,Glo,Hanson,gloria.hanson@hotmail.com
5057290,Michael,Mcdaniel,michael.mcdaniel@hotmail.com
7813560,Eduardo,Cook,eduardo.cook@hotmail.com
6081107,Laura,Nicholson,laura.nicholson@gmail.com
4510532,Christina,Cohen,christina.cohen@hotmail.com
2620464,Timothy,Reed,timothy.reed@hotmail.com
4204558,Sharon,Cummings,sharon.cummings@hotmail.com
1394358,Sha,Adams,contact_sha@yahoo.com
1272126,Elizabeth,Patterson,elizabeth.patterson@gmail.com
1521728,Judith,Cox,judith.cox@gmail.com
5962433,Allen,Yang,allen.yang@yahoo.com
3031310,David,Wood,david.wood@yahoo.com
4474350,Alyssa,Griffin,alyssa.griffin@gmail.com
4115765,Jul,Underwood,contact_jul@hotmail.com
2196822,Amanda,Taylor,contact_amanda@yahoo.com
2124440,Ale,Brown,alexis.brown@hotmail.com
5251915,Richard,Vaughn,contact_richard@yahoo.com
8593357,Hunter,Frank,hunter.frank@gmail.com
2995699,All,Wagner,contact_all@yahoo.com
8078601,Christopher,Perez,contact_christopher@yahoo.com
6998094,Michelle,Curtis,contact_michelle@hotmail.com
7761231,Kyl,Bennett,kyle.bennett@yahoo.com
1177309,Gabriel,Smith,gabriel.smith@gmail.com
6036779,Jean,Hill,jean.hill@yahoo.com
6757430,Sheila,White,sheila.white@hotmail.com
7505320,Jer,Hall,jeremiah.hall@gmail.com
7290045,Bri,Hughes,brian.hughes@hotmail.com
4497183,Victoria,Garcia,victoria.garcia@hotmail.com
6096693,Charles,Neal,contact_charles@yahoo.com
8189437,Pat,Williams,patrick.williams@gmail.com
9026882,William,Sanchez,contact_william@hotmail.com
1702543,Kimberly,Schmidt,kimberly.schmidt@hotmail.com
9243207,Courtney,Padilla,courtney.padilla@gmail.com
1528784,Jim,Wagner,jimmy.wagner@hotmail.com
9388521,Deanna,Chambers,contact_deanna@yahoo.com
6362532,Amy,Jones,amy.jones@yahoo.com
6897140,Robert,Coleman,robert.coleman@hotmail.com
1520770,Kel,Smith,kelly.smith@hotmail.com
5291312,Tay,Baker,taylor.baker@gmail.com
8945647,Robert,Harris,robert.harris@yahoo.com
7438345,Andrea,Turner,andrea.turner@yahoo.com
2644281,Rob,Taylor,robert.taylor@gmail.com
8091757,Jonathon,Castro,jonathon.castro@gmail.com
6889724,Laura,Arnold,contact_laura@gmail.com
9226010,Brian,Torres,brian.torres@hotmail.com
1458489,Chr,Nichols,contact_chr@gmail.com
7374793,Jennifer,Schmitt,contact_jennifer@gmail.com
1648801,Jasmine,Myers,jasmine.myers@gmail.com
9178027,Reb,Tyler,contact_reb@yahoo.com
2456742,Kevin,Miller,contact_kevin@gmail.com
8967026,All,Graham,allen.graham@hotmail.com
5230482,Sha,Keller,shawna.keller@yahoo.com
2544323,Andrea,Smith,andrea.smith@yahoo.com
2391916,Kathleen,Holmes,contact_kathleen@hotmail.com
5116952,Bernard,Ross,bernard.ross@hotmail.com
2577152,Paula,Rodriguez,contact_paula@gmail.com
8628368,Alicia,Dixon,alicia.dixon@hotmail.com
7372844,Cassandra,Newman,cassandra.newman@hotmail.com
6660342,Kevin,Martinez,contact_kevin@gmail.com
5049661,Mit,Williams,mitchell.williams@hotmail.com
8873203,Laura,Barber,laura.barber@hotmail.com
1576165,Megan,Keller,megan.keller@hotmail.com
6416901,Rebecca,Murphy,rebecca.murphy@hotmail.com
6197809,Kel,Walters,contact_kel@yahoo.com
8569862,Den,Leonard,denise.leonard@gmail.com
4633195,Angela,Stout,angela.stout@gmail.com
7888843,Shawna,Wright,shawna.wright@yahoo.com
2593059,Kimberly,Garcia,kimberly.garcia@hotmail.com
1172703,Paul,Martinez,paul.martinez@hotmail.com
3153928,Crystal,Smith,crystal.smith@yahoo.com
1473717,And,Roberts,contact_and@yahoo.com
9494212,Sandra,Michael,sandra.michael@hotmail.com
8456297,Chr,Sanchez,christine.sanchez@gmail.com
2159299,Don,Mahoney,contact_don@hotmail.com
9423380,Richard,Caldwell,contact_richard@gmail.com
4040589,Tre,Holloway,trevor.holloway@gmail.com
8770870,Kim,Floyd,contact_kim@gmail.com
5609391,Yesenia,Lee,contact_yesenia@hotmail.com
7512547,Con,Andrews,contact_con@yahoo.com
9986932,Mic,West,contact_mic@yahoo.com
1817300,Ale,Arias,contact_ale@hotmail.com
5248063,Rob,Arnold,contact_rob@gmail.com
2974150,Lis,Cline,lisa.cline@yahoo.com
9669396,Jessica,Pope,contact_jessica@yahoo.com
9239274,Tonya,Sellers,tonya.sellers@gmail.com
3917871,John,Robbins,john.robbins@gmail.com
8578703,Douglas,Castaneda,contact_douglas@yahoo.com
5922258,Ann,Nelson,annette.nelson@gmail.com
3730427,Brett,Parker,brett.parker@hotmail.com
1668009,Troy,Johnson,troy.johnson@gmail.com
5870201,Steven,Craig,steven.craig@gmail.com
6560231,Justin,Nelson,justin.nelson@hotmail.com
8159368,Kyl,Cohen,contact_kyl@hotmail.com
2840033,Joh,Atkinson,john.atkinson@gmail.com
3597049,Hannah,Hicks,hannah.hicks@yahoo.com
2288836,Anna,Sloan,anna.sloan@yahoo.com
4340730,Nicholas,Chavez,nicholas.chavez@gmail.com
9089070,Wendy,Sanders,wendy.sanders@yahoo.com
9157878,Gail,Arnold,gail.arnold@gmail.com
5178242,Lori,Clark,contact_lori@hotmail.com
1095504,Jason,Torres,jason.torres@gmail.com
7497877,Keith,Richmond,keith.richmond@yahoo.com
3963386,Donna,Bell,donna.bell@yahoo.com
7320306,Mic,Gonzalez,michael.gonzalez@yahoo.com
1736094,Nic,Green,nicole.green@hotmail.com
6071360,Kat,Riley,kathryn.riley@hotmail.com
4064824,Wendy,Macdonald,contact_wendy@gmail.com
4748410,Brett,Brown,brett.brown@yahoo.com
6705434,Russell,Estrada,contact_russell@yahoo.com
9277057,Christopher,Meyer,christopher.meyer@hotmail.com
4837494,Ver,Romero,veronica.romero@yahoo.com
8460264,Vic,West,victoria.west@hotmail.com
2947659,Wil,Hammond,contact_wil@hotmail.com
2703520,Chr,Holden,christopher.holden@yahoo.com
3758732,Jul,Moss,julie.moss@gmail.com
3335477,Brian,Gardner,brian.gardner@hotmail.com
3214575,Aaron,Romero,contact_aaron@yahoo.com
1397254,Chr,Collins,christopher.collins@yahoo.com
8350052,Randy,Collins,contact_randy@gmail.com
9323942,Timothy,Hall,contact_timothy@gmail.com
7151796,Jes,Miller,contact_jes@hotmail.com
8213757,Jessica,Leblanc,contact_jessica@hotmail.com
1344563,Courtney,Duke,courtney.duke@hotmail.com
9810978,Nic,Thomas,contact_nic@yahoo.com
7178852,Eileen,Becker,eileen.becker@gmail.com
2783889,Aar,Evans,contact_aar@gmail.com
8023355,Chr,Fowler,christopher.fowler@yahoo.com
8946662,Brooke,Pierce,brooke.pierce@hotmail.com
1562655,Melanie,Johnson,melanie.johnson@yahoo.com
